{"cameraMode":{"drawMode":0,"name":"Shaded","section":"Shading Mode"},"sceneLighting":false,"audioPlay":false,"sceneViewState":{"m_AlwaysRefresh":false,"showFog":true,"showSkybox":false,"showFlares":true,"showImageEffects":true,"showParticleSystems":true,"showVisualEffectGraphs":true,"m_FxEnabled":true},"in2DMode":false,"pivot":{"x":-280.39154052734377,"y":-0.7215042114257813,"z":-24.737701416015626},"rotation":{"x":-0.04891016706824303,"y":0.7577053904533386,"z":-0.057170815765857699,"w":-0.6482446193695068},"size":172.07855224609376,"orthographic":false}