{"cameraMode":{"drawMode":0,"name":"Shaded","section":"Shading Mode"},"sceneLighting":false,"audioPlay":false,"sceneViewState":{"m_AlwaysRefresh":false,"showFog":true,"showSkybox":false,"showFlares":true,"showImageEffects":true,"showParticleSystems":true,"showVisualEffectGraphs":true,"m_FxEnabled":true},"in2DMode":false,"pivot":{"x":-16.40470314025879,"y":15.177299499511719,"z":0.36863982677459719},"rotation":{"x":-0.04891016706824303,"y":0.7577053904533386,"z":-0.057170815765857699,"w":-0.6482446193695068},"size":13.035547256469727,"orthographic":false}