{"cameraMode":{"drawMode":0,"name":"Shaded","section":"Shading Mode"},"sceneLighting":true,"audioPlay":false,"sceneViewState":{"m_AlwaysRefresh":false,"showFog":true,"showSkybox":true,"showFlares":true,"showImageEffects":true,"showParticleSystems":true,"showVisualEffectGraphs":true,"m_FxEnabled":true},"in2DMode":false,"pivot":{"x":1.4007240533828736,"y":12.385467529296875,"z":-1.3114619255065919},"rotation":{"x":-0.11630376428365708,"y":0.6034252643585205,"z":-0.08953773230314255,"w":-0.7838025093078613},"size":42.20539093017578,"orthographic":false}